site,species,diam,live,basal.area
1,Eucalyptus.melanophloia,1,0,0.7854
1,Eucalyptus.melanophloia,1,0,0.7854
1,Eucalyptus.melanophloia,1,0,0.7854
1,Eucalyptus.melanophloia,1,0,0.7854
1,Eucalyptus.melanophloia,1,0,0.7854
1,Eucalyptus.melanophloia,1.41,0,1.5708
1,Eucalyptus.melanophloia,2,0,3.1416
1,Eucalyptus.melanophloia,2,0,3.1416
1,Eucalyptus.melanophloia,2,1,3.1416
1,Eucalyptus.melanophloia,2,1,3.1416
1,Eucalyptus.melanophloia,2,0,3.1416
1,Eucalyptus.melanophloia,2,0,3.1416
1,Eucalyptus.melanophloia,2,0,3.1416
1,Eucalyptus.melanophloia,2,0,3.1416
1,Eucalyptus.melanophloia,2,0,3.1416
1,Eucalyptus.melanophloia,2,0,3.1416
1,Eucalyptus.melanophloia,2,0,3.1416
1,Eucalyptus.melanophloia,3,0,7.0686
1,Eucalyptus.melanophloia,3,0,7.0686
1,Eucalyptus.melanophloia,3,0,7.0686
1,Eucalyptus.melanophloia,3,0,7.0686
1,Eucalyptus.melanophloia,3,0,7.0686
1,Eucalyptus.melanophloia,3,0,7.0686
1,Eucalyptus.melanophloia,3,0,7.0686
1,Eucalyptus.melanophloia,3,0,7.0686
1,Eucalyptus.melanophloia,3,0,7.0686
1,Eucalyptus.melanophloia,3,0,7.0686
1,Eucalyptus.melanophloia,3,0,7.0686
1,Eucalyptus.melanophloia,3.16,0,7.854
1,Eucalyptus.melanophloia,3.61,1,10.2102
1,Eucalyptus.melanophloia,3.61,0,10.2102
1,Eucalyptus.melanophloia,3.61,0,10.2102
1,Eucalyptus.melanophloia,4,0,12.5664
1,Eucalyptus.melanophloia,4,0,12.5664
1,Eucalyptus.melanophloia,4,0,12.5664
1,Eucalyptus.melanophloia,4,0,12.5664
1,Eucalyptus.melanophloia,4,0,12.5664
1,Eucalyptus.melanophloia,4,0,12.5664
1,Eucalyptus.melanophloia,4,0,12.5664
1,Eucalyptus.melanophloia,4,0,12.5664
1,Eucalyptus.melanophloia,4,0,12.5664
1,Eucalyptus.melanophloia,4,0,12.5664
1,Eucalyptus.melanophloia,4,0,12.5664
1,Eucalyptus.melanophloia,4,0,12.5664
1,Eucalyptus.melanophloia,4,0,12.5664
1,Eucalyptus.melanophloia,4,1,12.5664
1,Eucalyptus.melanophloia,4,0,12.5664
1,Eucalyptus.melanophloia,4,0,12.5664
1,Eucalyptus.melanophloia,4.47,0,15.708
1,Eucalyptus.melanophloia,4.69,0,17.2788
1,Eucalyptus.melanophloia,5,0,19.635
1,Eucalyptus.melanophloia,5,0,19.635
1,Eucalyptus.melanophloia,5,0,19.635
1,Eucalyptus.melanophloia,5,0,19.635
1,Eucalyptus.melanophloia,5,0,19.635
1,Eucalyptus.melanophloia,5,0,19.635
1,Eucalyptus.melanophloia,5,0,19.635
1,Eucalyptus.melanophloia,5,0,19.635
1,Eucalyptus.melanophloia,5,0,19.635
1,Eucalyptus.melanophloia,5,0,19.635
1,Eucalyptus.melanophloia,5,0,19.635
1,Eucalyptus.melanophloia,5,0,19.635
1,Eucalyptus.melanophloia,5,0,19.635
1,Eucalyptus.melanophloia,5,0,19.635
1,Eucalyptus.melanophloia,5,0,19.635
1,Eucalyptus.melanophloia,5,0,19.635
1,Eucalyptus.melanophloia,5,0,19.635
1,Eucalyptus.melanophloia,5,0,19.635
1,Eucalyptus.melanophloia,5,0,19.635
1,Eucalyptus.melanophloia,5,0,19.635
1,Eucalyptus.melanophloia,5,0,19.635
1,Eucalyptus.melanophloia,5,0,19.635
1,Eucalyptus.melanophloia,5,0,19.635
1,Eucalyptus.melanophloia,5,0,19.635
1,Eucalyptus.melanophloia,5,0,19.635
1,Eucalyptus.melanophloia,5,0,19.635
1,Eucalyptus.melanophloia,5,0,19.635
1,Eucalyptus.melanophloia,5.1,0,20.4204
1,Eucalyptus.melanophloia,5.39,0,22.7765
1,Eucalyptus.melanophloia,5.66,0,25.1327
1,Eucalyptus.melanophloia,5.66,0,25.1327
1,Eucalyptus.melanophloia,5.66,0,25.1327
1,Eucalyptus.melanophloia,5.83,1,26.7035
1,Eucalyptus.melanophloia,6,0,28.2743
1,Eucalyptus.melanophloia,6,0,28.2743
1,Eucalyptus.melanophloia,6,1,28.2743
1,Eucalyptus.melanophloia,6,1,28.2743
1,Eucalyptus.melanophloia,6,1,28.2743
1,Eucalyptus.melanophloia,6,0,28.2743
1,Eucalyptus.melanophloia,6,0,28.2743
1,Eucalyptus.melanophloia,6,0,28.2743
1,Eucalyptus.melanophloia,6,0,28.2743
1,Eucalyptus.melanophloia,6,1,28.2743
1,Eucalyptus.melanophloia,6,0,28.2743
1,Eucalyptus.melanophloia,6,0,28.2743
1,Eucalyptus.melanophloia,6,0,28.2743
1,Eucalyptus.melanophloia,6,0,28.2743
1,Eucalyptus.melanophloia,6,0,28.2743
1,Eucalyptus.melanophloia,6,0,28.2743
1,Eucalyptus.melanophloia,6,0,28.2743
1,Eucalyptus.melanophloia,6,0,28.2743
1,Eucalyptus.melanophloia,6,0,28.2743
1,Eucalyptus.melanophloia,6,0,28.2743
1,Eucalyptus.melanophloia,6,0,28.2743
1,Eucalyptus.melanophloia,6,0,28.2743
1,Eucalyptus.melanophloia,6,0,28.2743
1,Eucalyptus.melanophloia,6,1,28.2743
1,Eucalyptus.melanophloia,6,0,28.2743
1,Eucalyptus.melanophloia,6,0,28.2743
1,Eucalyptus.melanophloia,6,0,28.2743
1,Eucalyptus.melanophloia,6,0,28.2743
1,Eucalyptus.melanophloia,6,0,28.2743
1,Eucalyptus.melanophloia,6,0,28.2743
1,Eucalyptus.melanophloia,6,0,28.2743
1,Eucalyptus.melanophloia,6,0,28.2743
1,Eucalyptus.melanophloia,6,0,28.2743
1,Eucalyptus.melanophloia,6,0,28.2743
1,Eucalyptus.melanophloia,6,0,28.2743
1,Eucalyptus.melanophloia,6,0,28.2743
1,Eucalyptus.melanophloia,6,0,28.2743
1,Eucalyptus.melanophloia,6.32,0,31.4159
1,Eucalyptus.melanophloia,6.4,0,32.2013
1,Eucalyptus.melanophloia,6.4,0,32.2013
1,Eucalyptus.melanophloia,6.71,0,35.3429
1,Eucalyptus.melanophloia,6.71,0,35.3429
1,Eucalyptus.melanophloia,7,0,38.4845
1,Eucalyptus.melanophloia,7,0,38.4845
1,Eucalyptus.melanophloia,7,0,38.4845
1,Eucalyptus.melanophloia,7,0,38.4845
1,Eucalyptus.melanophloia,7,0,38.4845
1,Eucalyptus.melanophloia,7,0,38.4845
1,Eucalyptus.melanophloia,7,0,38.4845
1,Eucalyptus.melanophloia,7,1,38.4845
1,Eucalyptus.melanophloia,7,0,38.4845
1,Eucalyptus.melanophloia,7,1,38.4845
1,Eucalyptus.melanophloia,7,0,38.4845
1,Eucalyptus.melanophloia,7,0,38.4845
1,Eucalyptus.melanophloia,7,0,38.4845
1,Eucalyptus.melanophloia,7,0,38.4845
1,Eucalyptus.melanophloia,7,0,38.4845
1,Eucalyptus.melanophloia,7,0,38.4845
1,Eucalyptus.melanophloia,7,0,38.4845
1,Eucalyptus.melanophloia,7,0,38.4845
1,Eucalyptus.melanophloia,7,0,38.4845
1,Eucalyptus.melanophloia,7,0,38.4845
1,Eucalyptus.melanophloia,7,0,38.4845
1,Eucalyptus.melanophloia,7,0,38.4845
1,Eucalyptus.melanophloia,7,0,38.4845
1,Eucalyptus.melanophloia,7,0,38.4845
1,Eucalyptus.melanophloia,7,0,38.4845
1,Eucalyptus.melanophloia,7,0,38.4845
1,Eucalyptus.melanophloia,7,0,38.4845
1,Eucalyptus.melanophloia,7,0,38.4845
1,Eucalyptus.melanophloia,7,0,38.4845
1,Eucalyptus.melanophloia,7,0,38.4845
1,Eucalyptus.melanophloia,7,0,38.4845
1,Eucalyptus.melanophloia,7.07,0,39.2699
1,Eucalyptus.melanophloia,7.07,0,39.2699
1,Eucalyptus.melanophloia,7.07,0,39.2699
1,Eucalyptus.melanophloia,7.07,0,39.2699
1,Eucalyptus.melanophloia,7.21,0,40.8407
1,Eucalyptus.melanophloia,7.21,0,40.8407
1,Eucalyptus.melanophloia,7.81,0,47.9093
1,Eucalyptus.melanophloia,7.81,0,47.9093
1,Eucalyptus.melanophloia,7.81,0,47.9093
1,Eucalyptus.melanophloia,8,0,50.2655
1,Eucalyptus.melanophloia,8,0,50.2655
1,Eucalyptus.melanophloia,8,0,50.2655
1,Eucalyptus.melanophloia,8,0,50.2655
1,Eucalyptus.melanophloia,8,0,50.2655
1,Eucalyptus.melanophloia,8,0,50.2655
1,Eucalyptus.melanophloia,8,0,50.2655
1,Eucalyptus.melanophloia,8,0,50.2655
1,Eucalyptus.melanophloia,8,1,50.2655
1,Eucalyptus.melanophloia,8,0,50.2655
1,Eucalyptus.melanophloia,8,1,50.2655
1,Eucalyptus.melanophloia,8,0,50.2655
1,Eucalyptus.melanophloia,8,0,50.2655
1,Eucalyptus.melanophloia,8,0,50.2655
1,Eucalyptus.melanophloia,8,0,50.2655
1,Eucalyptus.melanophloia,8,0,50.2655
1,Eucalyptus.melanophloia,8,0,50.2655
1,Eucalyptus.melanophloia,8,1,50.2655
1,Eucalyptus.melanophloia,8,1,50.2655
1,Eucalyptus.melanophloia,8,0,50.2655
1,Eucalyptus.melanophloia,8,0,50.2655
1,Eucalyptus.melanophloia,8,0,50.2655
1,Eucalyptus.melanophloia,8,0,50.2655
1,Eucalyptus.melanophloia,8,0,50.2655
1,Eucalyptus.melanophloia,8,1,50.2655
1,Eucalyptus.melanophloia,8,0,50.2655
1,Eucalyptus.melanophloia,8,0,50.2655
1,Eucalyptus.melanophloia,8.06,0,51.0509
1,Eucalyptus.melanophloia,8.12,0,51.8363
1,Eucalyptus.melanophloia,8.25,0,53.4071
1,Eucalyptus.melanophloia,8.49,0,56.5487
1,Eucalyptus.melanophloia,8.49,0,56.5487
1,Eucalyptus.melanophloia,8.49,0,56.5487
1,Eucalyptus.melanophloia,8.49,0,56.5487
1,Eucalyptus.melanophloia,8.54,0,57.3341
1,Eucalyptus.melanophloia,8.6,0,58.1195
1,Eucalyptus.melanophloia,8.6,0,58.1195
1,Eucalyptus.melanophloia,8.6,0,58.1195
1,Eucalyptus.melanophloia,9,0,63.6173
1,Eucalyptus.melanophloia,9,0,63.6173
1,Eucalyptus.melanophloia,9,0,63.6173
1,Eucalyptus.melanophloia,9,1,63.6173
1,Eucalyptus.melanophloia,9,1,63.6173
1,Eucalyptus.melanophloia,9,0,63.6173
1,Eucalyptus.melanophloia,9,0,63.6173
1,Eucalyptus.melanophloia,9,0,63.6173
1,Eucalyptus.melanophloia,9,0,63.6173
1,Eucalyptus.melanophloia,9,0,63.6173
1,Eucalyptus.melanophloia,9,0,63.6173
1,Eucalyptus.melanophloia,9,0,63.6173
1,Eucalyptus.melanophloia,9,0,63.6173
1,Eucalyptus.melanophloia,9,1,63.6173
1,Eucalyptus.melanophloia,9,1,63.6173
1,Eucalyptus.melanophloia,9,0,63.6173
1,Eucalyptus.melanophloia,9,1,63.6173
1,Eucalyptus.melanophloia,9,0,63.6173
1,Eucalyptus.melanophloia,9,0,63.6173
1,Eucalyptus.melanophloia,9,1,63.6173
1,Eucalyptus.melanophloia,9,0,63.6173
1,Eucalyptus.melanophloia,9,0,63.6173
1,Eucalyptus.melanophloia,9,0,63.6173
1,Eucalyptus.melanophloia,9,0,63.6173
1,Eucalyptus.melanophloia,9,0,63.6173
1,Eucalyptus.melanophloia,9,0,63.6173
1,Eucalyptus.melanophloia,9,0,63.6173
1,Eucalyptus.melanophloia,9,0,63.6173
1,Eucalyptus.melanophloia,9,0,63.6173
1,Eucalyptus.melanophloia,9,0,63.6173
1,Eucalyptus.melanophloia,9.22,0,66.7588
1,Eucalyptus.melanophloia,9.22,0,66.7588
1,Eucalyptus.melanophloia,9.22,0,66.7588
1,Eucalyptus.melanophloia,9.22,0,66.7588
1,Eucalyptus.melanophloia,9.27,0,67.5442
1,Eucalyptus.melanophloia,9.27,0,67.5442
1,Eucalyptus.melanophloia,9.43,0,69.9004
1,Eucalyptus.melanophloia,9.49,1,70.6858
1,Eucalyptus.melanophloia,9.49,0,70.6858
1,Eucalyptus.melanophloia,9.49,0,70.6858
1,Eucalyptus.melanophloia,9.9,0,76.969
1,Eucalyptus.melanophloia,10,0,78.5398
1,Eucalyptus.melanophloia,10,0,78.5398
1,Eucalyptus.melanophloia,10,0,78.5398
1,Eucalyptus.melanophloia,10,0,78.5398
1,Eucalyptus.melanophloia,10,0,78.5398
1,Eucalyptus.melanophloia,10,1,78.5398
1,Eucalyptus.melanophloia,10,0,78.5398
1,Eucalyptus.melanophloia,10,1,78.5398
1,Eucalyptus.melanophloia,10,1,78.5398
1,Eucalyptus.melanophloia,10,1,78.5398
1,Eucalyptus.melanophloia,10,0,78.5398
1,Eucalyptus.melanophloia,10,1,78.5398
1,Eucalyptus.melanophloia,10,0,78.5398
1,Eucalyptus.melanophloia,10,0,78.5398
1,Eucalyptus.melanophloia,10,0,78.5398
1,Eucalyptus.melanophloia,10,0,78.5398
1,Eucalyptus.melanophloia,10,0,78.5398
1,Eucalyptus.melanophloia,10,0,78.5398
1,Eucalyptus.melanophloia,10,0,78.5398
1,Eucalyptus.melanophloia,10,0,78.5398
1,Eucalyptus.melanophloia,10,0,78.5398
1,Eucalyptus.melanophloia,10,0,78.5398
1,Eucalyptus.melanophloia,10,0,78.5398
1,Eucalyptus.melanophloia,10,0,78.5398
1,Eucalyptus.melanophloia,10,0,78.5398
1,Eucalyptus.melanophloia,10,0,78.5398
1,Eucalyptus.melanophloia,10,0,78.5398
1,Eucalyptus.melanophloia,10,0,78.5398
1,Eucalyptus.melanophloia,10,0,78.5398
1,Eucalyptus.melanophloia,10,0,78.5398
1,Eucalyptus.melanophloia,10,0,78.5398
1,Eucalyptus.melanophloia,10,0,78.5398
1,Eucalyptus.melanophloia,10,0,78.5398
1,Eucalyptus.melanophloia,10.3,0,83.2522
1,Eucalyptus.melanophloia,10.3,0,83.2522
1,Eucalyptus.melanophloia,10.5,1,86.5901
1,Eucalyptus.melanophloia,10.54,0,87.1792
1,Eucalyptus.melanophloia,10.63,0,88.75
1,Eucalyptus.melanophloia,10.77,0,91.1062
1,Eucalyptus.melanophloia,10.82,0,91.8916
1,Eucalyptus.melanophloia,11,1,95.0332
1,Eucalyptus.melanophloia,11,0,95.0332
1,Eucalyptus.melanophloia,11,0,95.0332
1,Eucalyptus.melanophloia,11,0,95.0332
1,Eucalyptus.melanophloia,11,1,95.0332
1,Eucalyptus.melanophloia,11,0,95.0332
1,Eucalyptus.melanophloia,11,0,95.0332
1,Eucalyptus.melanophloia,11,1,95.0332
1,Eucalyptus.melanophloia,11,0,95.0332
1,Eucalyptus.melanophloia,11,1,95.0332
1,Eucalyptus.melanophloia,11,1,95.0332
1,Eucalyptus.melanophloia,11,0,95.0332
1,Eucalyptus.melanophloia,11,0,95.0332
1,Eucalyptus.melanophloia,11,0,95.0332
1,Eucalyptus.melanophloia,11,0,95.0332
1,Eucalyptus.melanophloia,11,1,95.0332
1,Eucalyptus.melanophloia,11,0,95.0332
1,Eucalyptus.melanophloia,11,0,95.0332
1,Eucalyptus.melanophloia,11,1,95.0332
1,Eucalyptus.melanophloia,11,0,95.0332
1,Eucalyptus.melanophloia,11,0,95.0332
1,Eucalyptus.melanophloia,11,0,95.0332
1,Eucalyptus.melanophloia,11,0,95.0332
1,Eucalyptus.melanophloia,11.27,0,99.7456
1,Eucalyptus.melanophloia,11.31,0,100.531
1,Eucalyptus.melanophloia,11.7,0,107.5995
1,Eucalyptus.melanophloia,12,0,113.0973
1,Eucalyptus.melanophloia,12,1,113.0973
1,Eucalyptus.melanophloia,12,1,113.0973
1,Eucalyptus.melanophloia,12,1,113.0973
1,Eucalyptus.melanophloia,12,1,113.0973
1,Eucalyptus.melanophloia,12,0,113.0973
1,Eucalyptus.melanophloia,12,0,113.0973
1,Eucalyptus.melanophloia,12,0,113.0973
1,Eucalyptus.melanophloia,12,0,113.0973
1,Eucalyptus.melanophloia,12,0,113.0973
1,Eucalyptus.melanophloia,12,0,113.0973
1,Eucalyptus.melanophloia,12,0,113.0973
1,Eucalyptus.melanophloia,12,0,113.0973
1,Eucalyptus.melanophloia,12,0,113.0973
1,Eucalyptus.melanophloia,12,0,113.0973
1,Eucalyptus.melanophloia,12,0,113.0973
1,Eucalyptus.melanophloia,12,1,113.0973
1,Eucalyptus.melanophloia,12,0,113.0973
1,Eucalyptus.melanophloia,12,0,113.0973
1,Eucalyptus.melanophloia,12.04,0,113.8827
1,Eucalyptus.melanophloia,12.04,0,113.8827
1,Eucalyptus.melanophloia,12.08,0,114.6681
1,Eucalyptus.melanophloia,12.5,0,122.7185
1,Eucalyptus.melanophloia,12.5,1,122.7185
1,Eucalyptus.melanophloia,12.81,0,128.8053
1,Eucalyptus.melanophloia,12.81,0,128.8053
1,Eucalyptus.melanophloia,13,1,132.7323
1,Eucalyptus.melanophloia,13,1,132.7323
1,Eucalyptus.melanophloia,13,0,132.7323
1,Eucalyptus.melanophloia,13,0,132.7323
1,Eucalyptus.melanophloia,13,1,132.7323
1,Eucalyptus.melanophloia,13,0,132.7323
1,Eucalyptus.melanophloia,13,0,132.7323
1,Eucalyptus.melanophloia,13,0,132.7323
1,Eucalyptus.melanophloia,13,0,132.7323
1,Eucalyptus.melanophloia,13,0,132.7323
1,Eucalyptus.melanophloia,13,0,132.7323
1,Eucalyptus.melanophloia,13,1,132.7323
1,Eucalyptus.melanophloia,13,0,132.7323
1,Eucalyptus.melanophloia,13,0,132.7323
1,Eucalyptus.melanophloia,13,0,132.7323
1,Eucalyptus.melanophloia,13,0,132.7323
1,Eucalyptus.melanophloia,13.3,1,139.0155
1,Eucalyptus.melanophloia,13.6,0,145.2987
1,Eucalyptus.melanophloia,13.93,0,152.3672
1,Eucalyptus.melanophloia,13.93,0,152.3672
1,Eucalyptus.melanophloia,14,0,153.938
1,Eucalyptus.melanophloia,14,1,153.938
1,Eucalyptus.melanophloia,14,0,153.938
1,Eucalyptus.melanophloia,14,1,153.938
1,Eucalyptus.melanophloia,14,0,153.938
1,Eucalyptus.melanophloia,14,1,153.938
1,Eucalyptus.melanophloia,14,0,153.938
1,Eucalyptus.melanophloia,14,0,153.938
1,Eucalyptus.melanophloia,14,0,153.938
1,Eucalyptus.melanophloia,14,0,153.938
1,Eucalyptus.melanophloia,14,0,153.938
1,Eucalyptus.melanophloia,14,0,153.938
1,Eucalyptus.melanophloia,14.46,0,164.1482
1,Eucalyptus.melanophloia,15,1,176.7146
1,Eucalyptus.melanophloia,15,0,176.7146
1,Eucalyptus.melanophloia,15,0,176.7146
1,Eucalyptus.melanophloia,15,1,176.7146
1,Eucalyptus.melanophloia,15,0,176.7146
1,Eucalyptus.melanophloia,15.56,0,190.0664
1,Eucalyptus.melanophloia,15.56,1,190.0664
1,Eucalyptus.melanophloia,15.56,0,190.0664
1,Eucalyptus.melanophloia,15.81,0,196.3495
1,Eucalyptus.melanophloia,16,1,201.0619
1,Eucalyptus.melanophloia,16,0,201.0619
1,Eucalyptus.melanophloia,16,1,201.0619
1,Eucalyptus.melanophloia,16,0,201.0619
1,Eucalyptus.melanophloia,16,0,201.0619
1,Eucalyptus.melanophloia,16,0,201.0619
1,Eucalyptus.melanophloia,16,1,201.0619
1,Eucalyptus.melanophloia,16,0,201.0619
1,Eucalyptus.melanophloia,16.55,0,215.1991
1,Eucalyptus.melanophloia,17,1,226.9801
1,Eucalyptus.melanophloia,17,0,226.9801
1,Eucalyptus.melanophloia,18,0,254.469
1,Eucalyptus.melanophloia,18,1,254.469
1,Eucalyptus.melanophloia,18,1,254.469
1,Eucalyptus.melanophloia,19,0,283.5287
1,Eucalyptus.melanophloia,19,0,283.5287
1,Eucalyptus.melanophloia,19,0,283.5287
1,Eucalyptus.melanophloia,19,0,283.5287
1,Eucalyptus.melanophloia,19,0,283.5287
1,Eucalyptus.melanophloia,19.1,0,286.6703
1,Eucalyptus.melanophloia,20,1,314.1593
1,Eucalyptus.melanophloia,20.52,0,330.6526
1,Eucalyptus.melanophloia,21,0,346.3606
1,Eucalyptus.melanophloia,21,0,346.3606
1,Eucalyptus.melanophloia,21,0,346.3606
1,Eucalyptus.melanophloia,21.4,1,359.7124
1,Eucalyptus.melanophloia,23,0,415.4756
1,Eucalyptus.melanophloia,24,0,452.3893
1,Eucalyptus.melanophloia,25,0,490.8739
1,Eucalyptus.melanophloia,27,0,572.5553
1,Eucalyptus.melanophloia,28,0,615.7522
1,Eucalyptus.melanophloia,28.46,1,636.1725
1,Eucalyptus.melanophloia,29,0,660.5199
1,Eucalyptus.melanophloia,31.59,1,783.8274
1,Eucalyptus.melanophloia,32,0,804.2477
1,Eucalyptus.melanophloia,32.7,1,839.5906
1,Eucalyptus.melanophloia,33.11,0,860.7964
1,Eucalyptus.melanophloia,34,0,907.9203
1,Eucalyptus.melanophloia,34,1,907.9203
1,Eucalyptus.melanophloia,35,0,962.1128
1,Eucalyptus.melanophloia,35.47,1,988.0309
1,Eucalyptus.melanophloia,38.83,0,1184.3804
1,Eucalyptus.melanophloia,39,0,1194.5906
1,Eucalyptus.melanophloia,39,0,1194.5906
1,Eucalyptus.melanophloia,39.04,1,1196.9468
1,Eucalyptus.melanophloia,40.31,0,1276.272
1,Eucalyptus.melanophloia,42.56,0,1422.3561
1,Eucalyptus.melanophloia,44,1,1520.5308
1,Eucalyptus.melanophloia,45,0,1590.4313
1,Eucalyptus.melanophloia,48.8,1,1870.033
1,Eucalyptus.melanophloia,49,0,1885.741
1,Eucalyptus.melanophloia,50.91,0,2035.752
2,Eucalyptus.melanophloia,1,0,0.7854
2,Eucalyptus.melanophloia,1,0,0.7854
2,Eucalyptus.melanophloia,1,0,0.7854
2,Eucalyptus.melanophloia,1,1,0.7854
2,Eucalyptus.melanophloia,1,0,0.7854
2,Eucalyptus.melanophloia,1,0,0.7854
2,Eucalyptus.melanophloia,2,0,3.1416
2,Eucalyptus.melanophloia,2,0,3.1416
2,Eucalyptus.melanophloia,2,0,3.1416
2,Eucalyptus.melanophloia,2,0,3.1416
2,Eucalyptus.melanophloia,2.24,0,3.927
2,Eucalyptus.melanophloia,2.24,1,3.927
2,Eucalyptus.melanophloia,2.83,0,6.2832
2,Eucalyptus.melanophloia,3,0,7.0686
2,Eucalyptus.melanophloia,3,0,7.0686
2,Eucalyptus.melanophloia,3,0,7.0686
2,Eucalyptus.melanophloia,3,0,7.0686
2,Eucalyptus.melanophloia,3,0,7.0686
2,Eucalyptus.melanophloia,3,0,7.0686
2,Eucalyptus.melanophloia,3,0,7.0686
2,Eucalyptus.melanophloia,3,0,7.0686
2,Eucalyptus.melanophloia,3,0,7.0686
2,Eucalyptus.melanophloia,3,0,7.0686
2,Eucalyptus.melanophloia,4,0,12.5664
2,Eucalyptus.melanophloia,4,0,12.5664
2,Eucalyptus.melanophloia,4,0,12.5664
2,Eucalyptus.melanophloia,4,0,12.5664
2,Eucalyptus.melanophloia,4,0,12.5664
2,Eucalyptus.melanophloia,4,1,12.5664
2,Eucalyptus.melanophloia,4,1,12.5664
2,Eucalyptus.melanophloia,4,1,12.5664
2,Eucalyptus.melanophloia,4,1,12.5664
2,Eucalyptus.melanophloia,4,1,12.5664
2,Eucalyptus.melanophloia,4,0,12.5664
2,Eucalyptus.melanophloia,4,0,12.5664
2,Eucalyptus.melanophloia,5,0,19.635
2,Eucalyptus.melanophloia,5,0,19.635
2,Eucalyptus.melanophloia,5,0,19.635
2,Eucalyptus.melanophloia,5,0,19.635
2,Eucalyptus.melanophloia,5,0,19.635
2,Eucalyptus.melanophloia,5,0,19.635
2,Eucalyptus.melanophloia,5,0,19.635
2,Eucalyptus.melanophloia,5,0,19.635
2,Eucalyptus.melanophloia,5,0,19.635
2,Eucalyptus.melanophloia,5,0,19.635
2,Eucalyptus.melanophloia,5,0,19.635
2,Eucalyptus.melanophloia,5,0,19.635
2,Eucalyptus.melanophloia,5,1,19.635
2,Eucalyptus.melanophloia,5,1,19.635
2,Eucalyptus.melanophloia,5,0,19.635
2,Eucalyptus.melanophloia,5.1,1,20.4204
2,Eucalyptus.melanophloia,5.66,0,25.1327
2,Eucalyptus.melanophloia,5.66,0,25.1327
2,Eucalyptus.melanophloia,5.83,0,26.7035
2,Eucalyptus.melanophloia,6,0,28.2743
2,Eucalyptus.melanophloia,6,0,28.2743
2,Eucalyptus.melanophloia,6,0,28.2743
2,Eucalyptus.melanophloia,6,0,28.2743
2,Eucalyptus.melanophloia,6,0,28.2743
2,Eucalyptus.melanophloia,6,1,28.2743
2,Eucalyptus.melanophloia,6,0,28.2743
2,Eucalyptus.melanophloia,6,0,28.2743
2,Eucalyptus.melanophloia,6,0,28.2743
2,Eucalyptus.melanophloia,6,0,28.2743
2,Eucalyptus.melanophloia,6,0,28.2743
2,Eucalyptus.melanophloia,6,0,28.2743
2,Eucalyptus.melanophloia,6,0,28.2743
2,Eucalyptus.melanophloia,6,1,28.2743
2,Eucalyptus.melanophloia,6,0,28.2743
2,Eucalyptus.melanophloia,6,0,28.2743
2,Eucalyptus.melanophloia,6,0,28.2743
2,Eucalyptus.melanophloia,6,0,28.2743
2,Eucalyptus.melanophloia,6,0,28.2743
2,Eucalyptus.melanophloia,6,0,28.2743
2,Eucalyptus.melanophloia,6,0,28.2743
2,Eucalyptus.melanophloia,6,0,28.2743
2,Eucalyptus.melanophloia,6,1,28.2743
2,Eucalyptus.melanophloia,6,0,28.2743
2,Eucalyptus.melanophloia,6,0,28.2743
2,Eucalyptus.melanophloia,6,0,28.2743
2,Eucalyptus.melanophloia,6.4,0,32.2013
2,Eucalyptus.melanophloia,6.4,0,32.2013
2,Eucalyptus.melanophloia,6.71,0,35.3429
2,Eucalyptus.melanophloia,7,0,38.4845
2,Eucalyptus.melanophloia,7,0,38.4845
2,Eucalyptus.melanophloia,7,0,38.4845
2,Eucalyptus.melanophloia,7,0,38.4845
2,Eucalyptus.melanophloia,7,0,38.4845
2,Eucalyptus.melanophloia,7,0,38.4845
2,Eucalyptus.melanophloia,7,1,38.4845
2,Eucalyptus.melanophloia,7,0,38.4845
2,Eucalyptus.melanophloia,7,0,38.4845
2,Eucalyptus.melanophloia,7,0,38.4845
2,Eucalyptus.melanophloia,7,0,38.4845
2,Eucalyptus.melanophloia,7,1,38.4845
2,Eucalyptus.melanophloia,7,0,38.4845
2,Eucalyptus.melanophloia,7,0,38.4845
2,Eucalyptus.melanophloia,7,0,38.4845
2,Eucalyptus.melanophloia,7,0,38.4845
2,Eucalyptus.melanophloia,7,0,38.4845
2,Eucalyptus.melanophloia,7,0,38.4845
2,Eucalyptus.melanophloia,7,0,38.4845
2,Eucalyptus.melanophloia,7,0,38.4845
2,Eucalyptus.melanophloia,7,0,38.4845
2,Eucalyptus.melanophloia,7,0,38.4845
2,Eucalyptus.melanophloia,7,0,38.4845
2,Eucalyptus.melanophloia,7,0,38.4845
2,Eucalyptus.melanophloia,7.21,0,40.8407
2,Eucalyptus.melanophloia,7.21,1,40.8407
2,Eucalyptus.melanophloia,7.81,0,47.9093
2,Eucalyptus.melanophloia,7.81,0,47.9093
2,Eucalyptus.melanophloia,8,0,50.2655
2,Eucalyptus.melanophloia,8,1,50.2655
2,Eucalyptus.melanophloia,8,0,50.2655
2,Eucalyptus.melanophloia,8,0,50.2655
2,Eucalyptus.melanophloia,8,0,50.2655
2,Eucalyptus.melanophloia,8,0,50.2655
2,Eucalyptus.melanophloia,8,0,50.2655
2,Eucalyptus.melanophloia,8,0,50.2655
2,Eucalyptus.melanophloia,8,0,50.2655
2,Eucalyptus.melanophloia,8,0,50.2655
2,Eucalyptus.melanophloia,8,1,50.2655
2,Eucalyptus.melanophloia,8,0,50.2655
2,Eucalyptus.melanophloia,8,0,50.2655
2,Eucalyptus.melanophloia,8,0,50.2655
2,Eucalyptus.melanophloia,8,1,50.2655
2,Eucalyptus.melanophloia,8,1,50.2655
2,Eucalyptus.melanophloia,8,1,50.2655
2,Eucalyptus.melanophloia,8,1,50.2655
2,Eucalyptus.melanophloia,8,1,50.2655
2,Eucalyptus.melanophloia,8,0,50.2655
2,Eucalyptus.melanophloia,8,0,50.2655
2,Eucalyptus.melanophloia,8,0,50.2655
2,Eucalyptus.melanophloia,8,0,50.2655
2,Eucalyptus.melanophloia,8.49,0,56.5487
2,Eucalyptus.melanophloia,8.54,0,57.3341
2,Eucalyptus.melanophloia,8.54,1,57.3341
2,Eucalyptus.melanophloia,9,0,63.6173
2,Eucalyptus.melanophloia,9,0,63.6173
2,Eucalyptus.melanophloia,9,0,63.6173
2,Eucalyptus.melanophloia,9,1,63.6173
2,Eucalyptus.melanophloia,9,1,63.6173
2,Eucalyptus.melanophloia,9,1,63.6173
2,Eucalyptus.melanophloia,9,0,63.6173
2,Eucalyptus.melanophloia,9,0,63.6173
2,Eucalyptus.melanophloia,9,0,63.6173
2,Eucalyptus.melanophloia,9,1,63.6173
2,Eucalyptus.melanophloia,9,1,63.6173
2,Eucalyptus.melanophloia,9,0,63.6173
2,Eucalyptus.melanophloia,9,1,63.6173
2,Eucalyptus.melanophloia,9,1,63.6173
2,Eucalyptus.melanophloia,9,0,63.6173
2,Eucalyptus.melanophloia,9,1,63.6173
2,Eucalyptus.melanophloia,9,1,63.6173
2,Eucalyptus.melanophloia,9,0,63.6173
2,Eucalyptus.melanophloia,9,0,63.6173
2,Eucalyptus.melanophloia,9,0,63.6173
2,Eucalyptus.melanophloia,9,1,63.6173
2,Eucalyptus.melanophloia,9,0,63.6173
2,Eucalyptus.melanophloia,9.43,1,69.9004
2,Eucalyptus.melanophloia,10,0,78.5398
2,Eucalyptus.melanophloia,10,0,78.5398
2,Eucalyptus.melanophloia,10,0,78.5398
2,Eucalyptus.melanophloia,10,1,78.5398
2,Eucalyptus.melanophloia,10,0,78.5398
2,Eucalyptus.melanophloia,10,1,78.5398
2,Eucalyptus.melanophloia,10,1,78.5398
2,Eucalyptus.melanophloia,10,0,78.5398
2,Eucalyptus.melanophloia,10,0,78.5398
2,Eucalyptus.melanophloia,10,0,78.5398
2,Eucalyptus.melanophloia,10,0,78.5398
2,Eucalyptus.melanophloia,10,1,78.5398
2,Eucalyptus.melanophloia,10,1,78.5398
2,Eucalyptus.melanophloia,10,1,78.5398
2,Eucalyptus.melanophloia,10,1,78.5398
2,Eucalyptus.melanophloia,10,0,78.5398
2,Eucalyptus.melanophloia,10,1,78.5398
2,Eucalyptus.melanophloia,10,1,78.5398
2,Eucalyptus.melanophloia,10,0,78.5398
2,Eucalyptus.melanophloia,10,0,78.5398
2,Eucalyptus.melanophloia,10,0,78.5398
2,Eucalyptus.melanophloia,10,0,78.5398
2,Eucalyptus.melanophloia,10,1,78.5398
2,Eucalyptus.melanophloia,10,1,78.5398
2,Eucalyptus.melanophloia,10.05,1,79.3252
2,Eucalyptus.melanophloia,10.77,0,91.1062
2,Eucalyptus.melanophloia,11,1,95.0332
2,Eucalyptus.melanophloia,11,0,95.0332
2,Eucalyptus.melanophloia,11,0,95.0332
2,Eucalyptus.melanophloia,11,0,95.0332
2,Eucalyptus.melanophloia,11,1,95.0332
2,Eucalyptus.melanophloia,11,0,95.0332
2,Eucalyptus.melanophloia,11,0,95.0332
2,Eucalyptus.melanophloia,11,1,95.0332
2,Eucalyptus.melanophloia,11,0,95.0332
2,Eucalyptus.melanophloia,11,1,95.0332
2,Eucalyptus.melanophloia,11,1,95.0332
2,Eucalyptus.melanophloia,11,0,95.0332
2,Eucalyptus.melanophloia,11,0,95.0332
2,Eucalyptus.melanophloia,11,0,95.0332
2,Eucalyptus.melanophloia,11,0,95.0332
2,Eucalyptus.melanophloia,11.66,0,106.8142
2,Eucalyptus.melanophloia,12,0,113.0973
2,Eucalyptus.melanophloia,12,0,113.0973
2,Eucalyptus.melanophloia,12,0,113.0973
2,Eucalyptus.melanophloia,12,1,113.0973
2,Eucalyptus.melanophloia,12,0,113.0973
2,Eucalyptus.melanophloia,12,0,113.0973
2,Eucalyptus.melanophloia,12,0,113.0973
2,Eucalyptus.melanophloia,12,0,113.0973
2,Eucalyptus.melanophloia,12,0,113.0973
2,Eucalyptus.melanophloia,12,1,113.0973
2,Eucalyptus.melanophloia,13,0,132.7323
2,Eucalyptus.melanophloia,13,0,132.7323
2,Eucalyptus.melanophloia,13,0,132.7323
2,Eucalyptus.melanophloia,13,0,132.7323
2,Eucalyptus.melanophloia,13,0,132.7323
2,Eucalyptus.melanophloia,13,1,132.7323
2,Eucalyptus.melanophloia,13,1,132.7323
2,Eucalyptus.melanophloia,13,1,132.7323
2,Eucalyptus.melanophloia,13,1,132.7323
2,Eucalyptus.melanophloia,13,1,132.7323
2,Eucalyptus.melanophloia,14,1,153.938
2,Eucalyptus.melanophloia,14,0,153.938
2,Eucalyptus.melanophloia,14,0,153.938
2,Eucalyptus.melanophloia,14,0,153.938
2,Eucalyptus.melanophloia,14,1,153.938
2,Eucalyptus.melanophloia,14,1,153.938
2,Eucalyptus.melanophloia,14,0,153.938
2,Eucalyptus.melanophloia,14,0,153.938
2,Eucalyptus.melanophloia,14,0,153.938
2,Eucalyptus.melanophloia,15,1,176.7146
2,Eucalyptus.melanophloia,15,0,176.7146
2,Eucalyptus.melanophloia,15,0,176.7146
2,Eucalyptus.melanophloia,15,1,176.7146
2,Eucalyptus.melanophloia,15,0,176.7146
2,Eucalyptus.melanophloia,16,0,201.0619
2,Eucalyptus.melanophloia,16,1,201.0619
2,Eucalyptus.melanophloia,16,0,201.0619
2,Eucalyptus.melanophloia,16,0,201.0619
2,Eucalyptus.melanophloia,16,1,201.0619
2,Eucalyptus.melanophloia,16,1,201.0619
2,Eucalyptus.melanophloia,16.73,1,219.9115
2,Eucalyptus.melanophloia,17,1,226.9801
2,Eucalyptus.melanophloia,18,1,254.469
2,Eucalyptus.melanophloia,18,0,254.469
2,Eucalyptus.melanophloia,18,0,254.469
2,Eucalyptus.melanophloia,18,1,254.469
2,Eucalyptus.melanophloia,19,1,283.5287
2,Eucalyptus.melanophloia,19,0,283.5287
2,Eucalyptus.melanophloia,19.24,1,290.5973
2,Eucalyptus.melanophloia,19.85,1,309.4469
2,Eucalyptus.melanophloia,20,1,314.1593
2,Eucalyptus.melanophloia,20,1,314.1593
2,Eucalyptus.melanophloia,20,1,314.1593
2,Eucalyptus.melanophloia,22,1,380.1327
2,Eucalyptus.melanophloia,22.11,1,384.0597
2,Eucalyptus.melanophloia,22.67,0,403.6947
2,Eucalyptus.melanophloia,23,0,415.4756
2,Eucalyptus.melanophloia,23,1,415.4756
2,Eucalyptus.melanophloia,23,1,415.4756
2,Eucalyptus.melanophloia,23,1,415.4756
2,Eucalyptus.melanophloia,24,1,452.3893
2,Eucalyptus.melanophloia,26,1,530.9292
2,Eucalyptus.melanophloia,26,1,530.9292
2,Eucalyptus.melanophloia,27,0,572.5553
2,Eucalyptus.melanophloia,29,1,660.5199
2,Eucalyptus.melanophloia,31,1,754.7676
2,Eucalyptus.melanophloia,35,0,962.1128
2,Eucalyptus.melanophloia,35,0,962.1128
2,Eucalyptus.melanophloia,36,0,1017.876
2,Eucalyptus.melanophloia,36,1,1017.876
2,Eucalyptus.melanophloia,37,1,1075.2101
2,Eucalyptus.melanophloia,40.36,0,1279.4136
2,Eucalyptus.melanophloia,42,1,1385.4424
2,Eucalyptus.melanophloia,50,1,1963.4954
2,Eucalyptus.melanophloia,54,1,2290.221
3,Eucalyptus.melanophloia,1,1,0.7854
3,Eucalyptus.melanophloia,1,1,0.7854
3,Eucalyptus.melanophloia,1,0,0.7854
3,Eucalyptus.melanophloia,1,0,0.7854
3,Eucalyptus.melanophloia,1,1,0.7854
3,Eucalyptus.melanophloia,1,0,0.7854
3,Eucalyptus.melanophloia,1,0,0.7854
3,Eucalyptus.melanophloia,1,0,0.7854
3,Eucalyptus.melanophloia,1,0,0.7854
3,Eucalyptus.melanophloia,1,0,0.7854
3,Eucalyptus.melanophloia,1.41,0,1.5708
3,Eucalyptus.melanophloia,2,1,3.1416
3,Eucalyptus.melanophloia,2,0,3.1416
3,Eucalyptus.melanophloia,2,1,3.1416
3,Eucalyptus.melanophloia,2,1,3.1416
3,Eucalyptus.melanophloia,2,0,3.1416
3,Eucalyptus.melanophloia,2,0,3.1416
3,Eucalyptus.melanophloia,2,0,3.1416
3,Eucalyptus.melanophloia,2,0,3.1416
3,Eucalyptus.melanophloia,2,0,3.1416
3,Eucalyptus.melanophloia,2,0,3.1416
3,Eucalyptus.melanophloia,2,0,3.1416
3,Eucalyptus.melanophloia,2,0,3.1416
3,Eucalyptus.melanophloia,2,0,3.1416
3,Eucalyptus.melanophloia,2,0,3.1416
3,Eucalyptus.melanophloia,2,0,3.1416
3,Eucalyptus.melanophloia,2,0,3.1416
3,Eucalyptus.melanophloia,2,0,3.1416
3,Eucalyptus.melanophloia,2,0,3.1416
3,Eucalyptus.melanophloia,2,0,3.1416
3,Eucalyptus.melanophloia,2,0,3.1416
3,Eucalyptus.melanophloia,2,0,3.1416
3,Eucalyptus.melanophloia,2,0,3.1416
3,Eucalyptus.melanophloia,2,0,3.1416
3,Eucalyptus.melanophloia,2,0,3.1416
3,Eucalyptus.melanophloia,2,0,3.1416
3,Eucalyptus.melanophloia,2,0,3.1416
3,Eucalyptus.melanophloia,2,0,3.1416
3,Eucalyptus.melanophloia,2,0,3.1416
3,Eucalyptus.melanophloia,2,0,3.1416
3,Eucalyptus.melanophloia,2.24,0,3.927
3,Eucalyptus.melanophloia,2.83,0,6.2832
3,Eucalyptus.melanophloia,3,0,7.0686
3,Eucalyptus.melanophloia,3,0,7.0686
3,Eucalyptus.melanophloia,3,0,7.0686
3,Eucalyptus.melanophloia,3,0,7.0686
3,Eucalyptus.melanophloia,3,0,7.0686
3,Eucalyptus.melanophloia,3,0,7.0686
3,Eucalyptus.melanophloia,3,1,7.0686
3,Eucalyptus.melanophloia,3,0,7.0686
3,Eucalyptus.melanophloia,3,0,7.0686
3,Eucalyptus.melanophloia,3,0,7.0686
3,Eucalyptus.melanophloia,3,0,7.0686
3,Eucalyptus.melanophloia,3,0,7.0686
3,Eucalyptus.melanophloia,3,1,7.0686
3,Eucalyptus.melanophloia,3,0,7.0686
3,Eucalyptus.melanophloia,3,0,7.0686
3,Eucalyptus.melanophloia,3,0,7.0686
3,Eucalyptus.melanophloia,3,0,7.0686
3,Eucalyptus.melanophloia,3,0,7.0686
3,Eucalyptus.melanophloia,3,0,7.0686
3,Eucalyptus.melanophloia,3,0,7.0686
3,Eucalyptus.melanophloia,3,0,7.0686
3,Eucalyptus.melanophloia,3,0,7.0686
3,Eucalyptus.melanophloia,3,0,7.0686
3,Eucalyptus.melanophloia,3,0,7.0686
3,Eucalyptus.melanophloia,3,0,7.0686
3,Eucalyptus.melanophloia,3,0,7.0686
3,Eucalyptus.melanophloia,3,0,7.0686
3,Eucalyptus.melanophloia,3,0,7.0686
3,Eucalyptus.melanophloia,3,0,7.0686
3,Eucalyptus.melanophloia,3,0,7.0686
3,Eucalyptus.melanophloia,3,0,7.0686
3,Eucalyptus.melanophloia,3,0,7.0686
3,Eucalyptus.melanophloia,3,0,7.0686
3,Eucalyptus.melanophloia,3,0,7.0686
3,Eucalyptus.melanophloia,3,0,7.0686
3,Eucalyptus.melanophloia,3,0,7.0686
3,Eucalyptus.melanophloia,3,0,7.0686
3,Eucalyptus.melanophloia,3.16,0,7.854
3,Eucalyptus.melanophloia,3.61,0,10.2102
3,Eucalyptus.melanophloia,3.61,0,10.2102
3,Eucalyptus.melanophloia,4,0,12.5664
3,Eucalyptus.melanophloia,4,0,12.5664
3,Eucalyptus.melanophloia,4,0,12.5664
3,Eucalyptus.melanophloia,4,0,12.5664
3,Eucalyptus.melanophloia,4,1,12.5664
3,Eucalyptus.melanophloia,4,0,12.5664
3,Eucalyptus.melanophloia,4,0,12.5664
3,Eucalyptus.melanophloia,4,1,12.5664
3,Eucalyptus.melanophloia,4,0,12.5664
3,Eucalyptus.melanophloia,4,0,12.5664
3,Eucalyptus.melanophloia,4,0,12.5664
3,Eucalyptus.melanophloia,4,0,12.5664
3,Eucalyptus.melanophloia,4,0,12.5664
3,Eucalyptus.melanophloia,4,0,12.5664
3,Eucalyptus.melanophloia,4,0,12.5664
3,Eucalyptus.melanophloia,4,0,12.5664
3,Eucalyptus.melanophloia,4,0,12.5664
3,Eucalyptus.melanophloia,4,0,12.5664
3,Eucalyptus.melanophloia,4,0,12.5664
3,Eucalyptus.melanophloia,4,0,12.5664
3,Eucalyptus.melanophloia,4,0,12.5664
3,Eucalyptus.melanophloia,4,0,12.5664
3,Eucalyptus.melanophloia,4,0,12.5664
3,Eucalyptus.melanophloia,4,0,12.5664
3,Eucalyptus.melanophloia,4,0,12.5664
3,Eucalyptus.melanophloia,4,0,12.5664
3,Eucalyptus.melanophloia,4,0,12.5664
3,Eucalyptus.melanophloia,4.12,0,13.3518
3,Eucalyptus.melanophloia,4.24,0,14.1372
3,Eucalyptus.melanophloia,4.24,0,14.1372
3,Eucalyptus.melanophloia,4.47,0,15.708
3,Eucalyptus.melanophloia,4.47,0,15.708
3,Eucalyptus.melanophloia,5,0,19.635
3,Eucalyptus.melanophloia,5,0,19.635
3,Eucalyptus.melanophloia,5,0,19.635
3,Eucalyptus.melanophloia,5,0,19.635
3,Eucalyptus.melanophloia,5,1,19.635
3,Eucalyptus.melanophloia,5,1,19.635
3,Eucalyptus.melanophloia,5,1,19.635
3,Eucalyptus.melanophloia,5,0,19.635
3,Eucalyptus.melanophloia,5,0,19.635
3,Eucalyptus.melanophloia,5,0,19.635
3,Eucalyptus.melanophloia,5,1,19.635
3,Eucalyptus.melanophloia,5,1,19.635
3,Eucalyptus.melanophloia,5,0,19.635
3,Eucalyptus.melanophloia,5,0,19.635
3,Eucalyptus.melanophloia,5,1,19.635
3,Eucalyptus.melanophloia,5,0,19.635
3,Eucalyptus.melanophloia,5,0,19.635
3,Eucalyptus.melanophloia,5,0,19.635
3,Eucalyptus.melanophloia,5,0,19.635
3,Eucalyptus.melanophloia,5,0,19.635
3,Eucalyptus.melanophloia,5,0,19.635
3,Eucalyptus.melanophloia,5,0,19.635
3,Eucalyptus.melanophloia,5,1,19.635
3,Eucalyptus.melanophloia,5,0,19.635
3,Eucalyptus.melanophloia,5,0,19.635
3,Eucalyptus.melanophloia,5,0,19.635
3,Eucalyptus.melanophloia,5,0,19.635
3,Eucalyptus.melanophloia,5,0,19.635
3,Eucalyptus.melanophloia,5,0,19.635
3,Eucalyptus.melanophloia,5,0,19.635
3,Eucalyptus.melanophloia,5,0,19.635
3,Eucalyptus.melanophloia,5,0,19.635
3,Eucalyptus.melanophloia,5,0,19.635
3,Eucalyptus.melanophloia,5,0,19.635
3,Eucalyptus.melanophloia,5,0,19.635
3,Eucalyptus.melanophloia,5,0,19.635
3,Eucalyptus.melanophloia,5,0,19.635
3,Eucalyptus.melanophloia,5,0,19.635
3,Eucalyptus.melanophloia,5,0,19.635
3,Eucalyptus.melanophloia,5,0,19.635
3,Eucalyptus.melanophloia,5,0,19.635
3,Eucalyptus.melanophloia,5.1,0,20.4204
3,Eucalyptus.melanophloia,5.39,0,22.7765
3,Eucalyptus.melanophloia,5.66,0,25.1327
3,Eucalyptus.melanophloia,5.66,0,25.1327
3,Eucalyptus.melanophloia,5.83,0,26.7035
3,Eucalyptus.melanophloia,5.83,0,26.7035
3,Eucalyptus.melanophloia,6,0,28.2743
3,Eucalyptus.melanophloia,6,0,28.2743
3,Eucalyptus.melanophloia,6,0,28.2743
3,Eucalyptus.melanophloia,6,0,28.2743
3,Eucalyptus.melanophloia,6,0,28.2743
3,Eucalyptus.melanophloia,6,0,28.2743
3,Eucalyptus.melanophloia,6,0,28.2743
3,Eucalyptus.melanophloia,6,0,28.2743
3,Eucalyptus.melanophloia,6,1,28.2743
3,Eucalyptus.melanophloia,6,1,28.2743
3,Eucalyptus.melanophloia,6,0,28.2743
3,Eucalyptus.melanophloia,6,1,28.2743
3,Eucalyptus.melanophloia,6,0,28.2743
3,Eucalyptus.melanophloia,6,0,28.2743
3,Eucalyptus.melanophloia,6,1,28.2743
3,Eucalyptus.melanophloia,6,0,28.2743
3,Eucalyptus.melanophloia,6,0,28.2743
3,Eucalyptus.melanophloia,6,0,28.2743
3,Eucalyptus.melanophloia,6,1,28.2743
3,Eucalyptus.melanophloia,6,0,28.2743
3,Eucalyptus.melanophloia,6,0,28.2743
3,Eucalyptus.melanophloia,6,0,28.2743
3,Eucalyptus.melanophloia,6,0,28.2743
3,Eucalyptus.melanophloia,6,0,28.2743
3,Eucalyptus.melanophloia,6,1,28.2743
3,Eucalyptus.melanophloia,6,0,28.2743
3,Eucalyptus.melanophloia,6,0,28.2743
3,Eucalyptus.melanophloia,6,0,28.2743
3,Eucalyptus.melanophloia,6,0,28.2743
3,Eucalyptus.melanophloia,6,0,28.2743
3,Eucalyptus.melanophloia,6,0,28.2743
3,Eucalyptus.melanophloia,6,0,28.2743
3,Eucalyptus.melanophloia,6,0,28.2743
3,Eucalyptus.melanophloia,6,0,28.2743
3,Eucalyptus.melanophloia,6,0,28.2743
3,Eucalyptus.melanophloia,6,0,28.2743
3,Eucalyptus.melanophloia,6,0,28.2743
3,Eucalyptus.melanophloia,6,0,28.2743
3,Eucalyptus.melanophloia,6,0,28.2743
3,Eucalyptus.melanophloia,6,0,28.2743
3,Eucalyptus.melanophloia,6,0,28.2743
3,Eucalyptus.melanophloia,6,0,28.2743
3,Eucalyptus.melanophloia,6,0,28.2743
3,Eucalyptus.melanophloia,6.4,0,32.2013
3,Eucalyptus.melanophloia,6.4,0,32.2013
3,Eucalyptus.melanophloia,6.71,1,35.3429
3,Eucalyptus.melanophloia,7,0,38.4845
3,Eucalyptus.melanophloia,7,0,38.4845
3,Eucalyptus.melanophloia,7,1,38.4845
3,Eucalyptus.melanophloia,7,0,38.4845
3,Eucalyptus.melanophloia,7,1,38.4845
3,Eucalyptus.melanophloia,7,0,38.4845
3,Eucalyptus.melanophloia,7,1,38.4845
3,Eucalyptus.melanophloia,7,1,38.4845
3,Eucalyptus.melanophloia,7,0,38.4845
3,Eucalyptus.melanophloia,7,0,38.4845
3,Eucalyptus.melanophloia,7,0,38.4845
3,Eucalyptus.melanophloia,7,0,38.4845
3,Eucalyptus.melanophloia,7,1,38.4845
3,Eucalyptus.melanophloia,7,0,38.4845
3,Eucalyptus.melanophloia,7,0,38.4845
3,Eucalyptus.melanophloia,7,0,38.4845
3,Eucalyptus.melanophloia,7,0,38.4845
3,Eucalyptus.melanophloia,7,1,38.4845
3,Eucalyptus.melanophloia,7,0,38.4845
3,Eucalyptus.melanophloia,7,0,38.4845
3,Eucalyptus.melanophloia,7,0,38.4845
3,Eucalyptus.melanophloia,7,0,38.4845
3,Eucalyptus.melanophloia,7,0,38.4845
3,Eucalyptus.melanophloia,7,0,38.4845
3,Eucalyptus.melanophloia,7,0,38.4845
3,Eucalyptus.melanophloia,7,0,38.4845
3,Eucalyptus.melanophloia,7,0,38.4845
3,Eucalyptus.melanophloia,7,0,38.4845
3,Eucalyptus.melanophloia,7,0,38.4845
3,Eucalyptus.melanophloia,7,0,38.4845
3,Eucalyptus.melanophloia,7,0,38.4845
3,Eucalyptus.melanophloia,7,0,38.4845
3,Eucalyptus.melanophloia,7,0,38.4845
3,Eucalyptus.melanophloia,7,0,38.4845
3,Eucalyptus.melanophloia,7,0,38.4845
3,Eucalyptus.melanophloia,7,0,38.4845
3,Eucalyptus.melanophloia,7,0,38.4845
3,Eucalyptus.melanophloia,7,0,38.4845
3,Eucalyptus.melanophloia,7,0,38.4845
3,Eucalyptus.melanophloia,7,0,38.4845
3,Eucalyptus.melanophloia,7,0,38.4845
3,Eucalyptus.melanophloia,7,0,38.4845
3,Eucalyptus.melanophloia,7,0,38.4845
3,Eucalyptus.melanophloia,7.07,0,39.2699
3,Eucalyptus.melanophloia,7.07,0,39.2699
3,Eucalyptus.melanophloia,7.21,0,40.8407
3,Eucalyptus.melanophloia,7.21,0,40.8407
3,Eucalyptus.melanophloia,7.35,0,42.4115
3,Eucalyptus.melanophloia,8,0,50.2655
3,Eucalyptus.melanophloia,8,1,50.2655
3,Eucalyptus.melanophloia,8,0,50.2655
3,Eucalyptus.melanophloia,8,0,50.2655
3,Eucalyptus.melanophloia,8,1,50.2655
3,Eucalyptus.melanophloia,8,0,50.2655
3,Eucalyptus.melanophloia,8,1,50.2655
3,Eucalyptus.melanophloia,8,0,50.2655
3,Eucalyptus.melanophloia,8,0,50.2655
3,Eucalyptus.melanophloia,8,0,50.2655
3,Eucalyptus.melanophloia,8,0,50.2655
3,Eucalyptus.melanophloia,8,0,50.2655
3,Eucalyptus.melanophloia,8,0,50.2655
3,Eucalyptus.melanophloia,8,0,50.2655
3,Eucalyptus.melanophloia,8,0,50.2655
3,Eucalyptus.melanophloia,8,0,50.2655
3,Eucalyptus.melanophloia,8,0,50.2655
3,Eucalyptus.melanophloia,8,0,50.2655
3,Eucalyptus.melanophloia,8,0,50.2655
3,Eucalyptus.melanophloia,8,0,50.2655
3,Eucalyptus.melanophloia,8,0,50.2655
3,Eucalyptus.melanophloia,8,0,50.2655
3,Eucalyptus.melanophloia,8,0,50.2655
3,Eucalyptus.melanophloia,8,0,50.2655
3,Eucalyptus.melanophloia,8,0,50.2655
3,Eucalyptus.melanophloia,8,0,50.2655
3,Eucalyptus.melanophloia,8,0,50.2655
3,Eucalyptus.melanophloia,8,0,50.2655
3,Eucalyptus.melanophloia,8,0,50.2655
3,Eucalyptus.melanophloia,8,0,50.2655
3,Eucalyptus.melanophloia,8,0,50.2655
3,Eucalyptus.melanophloia,8,0,50.2655
3,Eucalyptus.melanophloia,8,0,50.2655
3,Eucalyptus.melanophloia,8,0,50.2655
3,Eucalyptus.melanophloia,8,0,50.2655
3,Eucalyptus.melanophloia,8,0,50.2655
3,Eucalyptus.melanophloia,8,0,50.2655
3,Eucalyptus.melanophloia,8,0,50.2655
3,Eucalyptus.melanophloia,8,0,50.2655
3,Eucalyptus.melanophloia,8,0,50.2655
3,Eucalyptus.melanophloia,8,0,50.2655
3,Eucalyptus.melanophloia,8.06,1,51.0509
3,Eucalyptus.melanophloia,8.06,0,51.0509
3,Eucalyptus.melanophloia,8.06,0,51.0509
3,Eucalyptus.melanophloia,8.06,1,51.0509
3,Eucalyptus.melanophloia,8.49,0,56.5487
3,Eucalyptus.melanophloia,8.54,0,57.3341
3,Eucalyptus.melanophloia,8.77,0,60.4757
3,Eucalyptus.melanophloia,8.94,0,62.8319
3,Eucalyptus.melanophloia,9,0,63.6173
3,Eucalyptus.melanophloia,9,1,63.6173
3,Eucalyptus.melanophloia,9,0,63.6173
3,Eucalyptus.melanophloia,9,0,63.6173
3,Eucalyptus.melanophloia,9,0,63.6173
3,Eucalyptus.melanophloia,9,1,63.6173
3,Eucalyptus.melanophloia,9,0,63.6173
3,Eucalyptus.melanophloia,9,1,63.6173
3,Eucalyptus.melanophloia,9,1,63.6173
3,Eucalyptus.melanophloia,9,0,63.6173
3,Eucalyptus.melanophloia,9,0,63.6173
3,Eucalyptus.melanophloia,9,1,63.6173
3,Eucalyptus.melanophloia,9,0,63.6173
3,Eucalyptus.melanophloia,9,1,63.6173
3,Eucalyptus.melanophloia,9,1,63.6173
3,Eucalyptus.melanophloia,9,1,63.6173
3,Eucalyptus.melanophloia,9,1,63.6173
3,Eucalyptus.melanophloia,9,0,63.6173
3,Eucalyptus.melanophloia,9,0,63.6173
3,Eucalyptus.melanophloia,9,0,63.6173
3,Eucalyptus.melanophloia,9,0,63.6173
3,Eucalyptus.melanophloia,9,1,63.6173
3,Eucalyptus.melanophloia,9,0,63.6173
3,Eucalyptus.melanophloia,9,0,63.6173
3,Eucalyptus.melanophloia,9,0,63.6173
3,Eucalyptus.melanophloia,9,0,63.6173
3,Eucalyptus.melanophloia,9,0,63.6173
3,Eucalyptus.melanophloia,9,0,63.6173
3,Eucalyptus.melanophloia,9,0,63.6173
3,Eucalyptus.melanophloia,9,0,63.6173
3,Eucalyptus.melanophloia,9,0,63.6173
3,Eucalyptus.melanophloia,9,0,63.6173
3,Eucalyptus.melanophloia,9,0,63.6173
3,Eucalyptus.melanophloia,9,0,63.6173
3,Eucalyptus.melanophloia,9,0,63.6173
3,Eucalyptus.melanophloia,9,0,63.6173
3,Eucalyptus.melanophloia,9,0,63.6173
3,Eucalyptus.melanophloia,9,0,63.6173
3,Eucalyptus.melanophloia,9,0,63.6173
3,Eucalyptus.melanophloia,9,0,63.6173
3,Eucalyptus.melanophloia,9,0,63.6173
3,Eucalyptus.melanophloia,9,0,63.6173
3,Eucalyptus.melanophloia,9,0,63.6173
3,Eucalyptus.melanophloia,9,0,63.6173
3,Eucalyptus.melanophloia,9,0,63.6173
3,Eucalyptus.melanophloia,9,0,63.6173
3,Eucalyptus.melanophloia,9,0,63.6173
3,Eucalyptus.melanophloia,9,0,63.6173
3,Eucalyptus.melanophloia,9,0,63.6173
3,Eucalyptus.melanophloia,9,0,63.6173
3,Eucalyptus.melanophloia,9,0,63.6173
3,Eucalyptus.melanophloia,9,0,63.6173
3,Eucalyptus.melanophloia,9,0,63.6173
3,Eucalyptus.melanophloia,9,0,63.6173
3,Eucalyptus.melanophloia,9.43,0,69.9004
3,Eucalyptus.melanophloia,9.49,0,70.6858
3,Eucalyptus.melanophloia,9.49,0,70.6858
3,Eucalyptus.melanophloia,9.49,0,70.6858
3,Eucalyptus.melanophloia,9.85,1,76.1836
3,Eucalyptus.melanophloia,9.9,0,76.969
3,Eucalyptus.melanophloia,9.9,0,76.969
3,Eucalyptus.melanophloia,9.95,0,77.7544
3,Eucalyptus.melanophloia,10,0,78.5398
3,Eucalyptus.melanophloia,10,1,78.5398
3,Eucalyptus.melanophloia,10,0,78.5398
3,Eucalyptus.melanophloia,10,1,78.5398
3,Eucalyptus.melanophloia,10,1,78.5398
3,Eucalyptus.melanophloia,10,0,78.5398
3,Eucalyptus.melanophloia,10,1,78.5398
3,Eucalyptus.melanophloia,10,0,78.5398
3,Eucalyptus.melanophloia,10,1,78.5398
3,Eucalyptus.melanophloia,10,1,78.5398
3,Eucalyptus.melanophloia,10,0,78.5398
3,Eucalyptus.melanophloia,10,0,78.5398
3,Eucalyptus.melanophloia,10,0,78.5398
3,Eucalyptus.melanophloia,10,0,78.5398
3,Eucalyptus.melanophloia,10,1,78.5398
3,Eucalyptus.melanophloia,10,0,78.5398
3,Eucalyptus.melanophloia,10,0,78.5398
3,Eucalyptus.melanophloia,10,0,78.5398
3,Eucalyptus.melanophloia,10,0,78.5398
3,Eucalyptus.melanophloia,10,0,78.5398
3,Eucalyptus.melanophloia,10,0,78.5398
3,Eucalyptus.melanophloia,10,0,78.5398
3,Eucalyptus.melanophloia,10,0,78.5398
3,Eucalyptus.melanophloia,10,0,78.5398
3,Eucalyptus.melanophloia,10,0,78.5398
3,Eucalyptus.melanophloia,10,0,78.5398
3,Eucalyptus.melanophloia,10,1,78.5398
3,Eucalyptus.melanophloia,10,1,78.5398
3,Eucalyptus.melanophloia,10,0,78.5398
3,Eucalyptus.melanophloia,10,0,78.5398
3,Eucalyptus.melanophloia,10,0,78.5398
3,Eucalyptus.melanophloia,10,0,78.5398
3,Eucalyptus.melanophloia,10,0,78.5398
3,Eucalyptus.melanophloia,10,0,78.5398
3,Eucalyptus.melanophloia,10,0,78.5398
3,Eucalyptus.melanophloia,10,0,78.5398
3,Eucalyptus.melanophloia,10,1,78.5398
3,Eucalyptus.melanophloia,10,1,78.5398
3,Eucalyptus.melanophloia,10,0,78.5398
3,Eucalyptus.melanophloia,10,0,78.5398
3,Eucalyptus.melanophloia,10,0,78.5398
3,Eucalyptus.melanophloia,10,0,78.5398
3,Eucalyptus.melanophloia,10,0,78.5398
3,Eucalyptus.melanophloia,10,0,78.5398
3,Eucalyptus.melanophloia,10,0,78.5398
3,Eucalyptus.melanophloia,10.3,0,83.2522
3,Eucalyptus.melanophloia,10.63,0,88.75
3,Eucalyptus.melanophloia,10.77,0,91.1062
3,Eucalyptus.melanophloia,10.82,0,91.8916
3,Eucalyptus.melanophloia,11,1,95.0332
3,Eucalyptus.melanophloia,11,1,95.0332
3,Eucalyptus.melanophloia,11,1,95.0332
3,Eucalyptus.melanophloia,11,0,95.0332
3,Eucalyptus.melanophloia,11,1,95.0332
3,Eucalyptus.melanophloia,11,1,95.0332
3,Eucalyptus.melanophloia,11,1,95.0332
3,Eucalyptus.melanophloia,11,0,95.0332
3,Eucalyptus.melanophloia,11,0,95.0332
3,Eucalyptus.melanophloia,11,1,95.0332
3,Eucalyptus.melanophloia,11,0,95.0332
3,Eucalyptus.melanophloia,11,1,95.0332
3,Eucalyptus.melanophloia,11,1,95.0332
3,Eucalyptus.melanophloia,11,0,95.0332
3,Eucalyptus.melanophloia,11,0,95.0332
3,Eucalyptus.melanophloia,11,0,95.0332
3,Eucalyptus.melanophloia,11,0,95.0332
3,Eucalyptus.melanophloia,11,0,95.0332
3,Eucalyptus.melanophloia,11,0,95.0332
3,Eucalyptus.melanophloia,11,0,95.0332
3,Eucalyptus.melanophloia,11,0,95.0332
3,Eucalyptus.melanophloia,11,0,95.0332
3,Eucalyptus.melanophloia,11,0,95.0332
3,Eucalyptus.melanophloia,11,0,95.0332
3,Eucalyptus.melanophloia,11,0,95.0332
3,Eucalyptus.melanophloia,11,0,95.0332
3,Eucalyptus.melanophloia,11,0,95.0332
3,Eucalyptus.melanophloia,11,0,95.0332
3,Eucalyptus.melanophloia,11,0,95.0332
3,Eucalyptus.melanophloia,11,0,95.0332
3,Eucalyptus.melanophloia,11,0,95.0332
3,Eucalyptus.melanophloia,11,1,95.0332
3,Eucalyptus.melanophloia,11,1,95.0332
3,Eucalyptus.melanophloia,11,0,95.0332
3,Eucalyptus.melanophloia,11,0,95.0332
3,Eucalyptus.melanophloia,11,0,95.0332
3,Eucalyptus.melanophloia,11.18,0,98.1748
3,Eucalyptus.melanophloia,11.18,0,98.1748
3,Eucalyptus.melanophloia,11.7,0,107.5995
3,Eucalyptus.melanophloia,11.87,0,110.7411
3,Eucalyptus.melanophloia,12,0,113.0973
3,Eucalyptus.melanophloia,12,1,113.0973
3,Eucalyptus.melanophloia,12,1,113.0973
3,Eucalyptus.melanophloia,12,1,113.0973
3,Eucalyptus.melanophloia,12,0,113.0973
3,Eucalyptus.melanophloia,12,0,113.0973
3,Eucalyptus.melanophloia,12,0,113.0973
3,Eucalyptus.melanophloia,12,1,113.0973
3,Eucalyptus.melanophloia,12,0,113.0973
3,Eucalyptus.melanophloia,12,0,113.0973
3,Eucalyptus.melanophloia,12,0,113.0973
3,Eucalyptus.melanophloia,12,0,113.0973
3,Eucalyptus.melanophloia,12,1,113.0973
3,Eucalyptus.melanophloia,12,1,113.0973
3,Eucalyptus.melanophloia,12,1,113.0973
3,Eucalyptus.melanophloia,12,0,113.0973
3,Eucalyptus.melanophloia,12,0,113.0973
3,Eucalyptus.melanophloia,12,1,113.0973
3,Eucalyptus.melanophloia,12,1,113.0973
3,Eucalyptus.melanophloia,12,0,113.0973
3,Eucalyptus.melanophloia,12,0,113.0973
3,Eucalyptus.melanophloia,12,0,113.0973
3,Eucalyptus.melanophloia,12,0,113.0973
3,Eucalyptus.melanophloia,12,0,113.0973
3,Eucalyptus.melanophloia,12,0,113.0973
3,Eucalyptus.melanophloia,12.21,0,117.0243
3,Eucalyptus.melanophloia,12.81,0,128.8053
3,Eucalyptus.melanophloia,13,0,132.7323
3,Eucalyptus.melanophloia,13,0,132.7323
3,Eucalyptus.melanophloia,13,1,132.7323
3,Eucalyptus.melanophloia,13,1,132.7323
3,Eucalyptus.melanophloia,13,1,132.7323
3,Eucalyptus.melanophloia,13,1,132.7323
3,Eucalyptus.melanophloia,13,1,132.7323
3,Eucalyptus.melanophloia,13,1,132.7323
3,Eucalyptus.melanophloia,13,0,132.7323
3,Eucalyptus.melanophloia,13,1,132.7323
3,Eucalyptus.melanophloia,13,0,132.7323
3,Eucalyptus.melanophloia,13,0,132.7323
3,Eucalyptus.melanophloia,13,1,132.7323
3,Eucalyptus.melanophloia,13,0,132.7323
3,Eucalyptus.melanophloia,13,0,132.7323
3,Eucalyptus.melanophloia,13,0,132.7323
3,Eucalyptus.melanophloia,13,0,132.7323
3,Eucalyptus.melanophloia,13,0,132.7323
3,Eucalyptus.melanophloia,13.19,0,136.6593
3,Eucalyptus.melanophloia,13.42,0,141.3717
3,Eucalyptus.melanophloia,13.93,0,152.3672
3,Eucalyptus.melanophloia,14,0,153.938
3,Eucalyptus.melanophloia,14,1,153.938
3,Eucalyptus.melanophloia,14,0,153.938
3,Eucalyptus.melanophloia,14,0,153.938
3,Eucalyptus.melanophloia,14,0,153.938
3,Eucalyptus.melanophloia,14.14,0,157.0796
3,Eucalyptus.melanophloia,14.32,1,161.0066
3,Eucalyptus.melanophloia,15,0,176.7146
3,Eucalyptus.melanophloia,15,1,176.7146
3,Eucalyptus.melanophloia,15,0,176.7146
3,Eucalyptus.melanophloia,15,1,176.7146
3,Eucalyptus.melanophloia,15,1,176.7146
3,Eucalyptus.melanophloia,15,1,176.7146
3,Eucalyptus.melanophloia,15,1,176.7146
3,Eucalyptus.melanophloia,15,0,176.7146
3,Eucalyptus.melanophloia,15,0,176.7146
3,Eucalyptus.melanophloia,15,0,176.7146
3,Eucalyptus.melanophloia,15,1,176.7146
3,Eucalyptus.melanophloia,15,0,176.7146
3,Eucalyptus.melanophloia,15,0,176.7146
3,Eucalyptus.melanophloia,15.07,0,178.2854
3,Eucalyptus.melanophloia,16,1,201.0619
3,Eucalyptus.melanophloia,16,0,201.0619
3,Eucalyptus.melanophloia,17,1,226.9801
3,Eucalyptus.melanophloia,17,1,226.9801
3,Eucalyptus.melanophloia,17.2,0,232.4779
3,Eucalyptus.melanophloia,18,1,254.469
3,Eucalyptus.melanophloia,18,0,254.469
3,Eucalyptus.melanophloia,18.44,1,267.0354
3,Eucalyptus.melanophloia,19,0,283.5287
3,Eucalyptus.melanophloia,19,0,283.5287
3,Eucalyptus.melanophloia,19,0,283.5287
3,Eucalyptus.melanophloia,19,0,283.5287
3,Eucalyptus.melanophloia,20,1,314.1593
3,Eucalyptus.melanophloia,20,0,314.1593
3,Eucalyptus.melanophloia,20,0,314.1593
3,Eucalyptus.melanophloia,21,1,346.3606
3,Eucalyptus.melanophloia,21,0,346.3606
3,Eucalyptus.melanophloia,21,1,346.3606
3,Eucalyptus.melanophloia,21.93,0,377.7765
3,Eucalyptus.melanophloia,22,1,380.1327
3,Eucalyptus.melanophloia,22,0,380.1327
3,Eucalyptus.melanophloia,22,1,380.1327
3,Eucalyptus.melanophloia,22,1,380.1327
3,Eucalyptus.melanophloia,22,0,380.1327
3,Eucalyptus.melanophloia,22,0,380.1327
3,Eucalyptus.melanophloia,22,0,380.1327
3,Eucalyptus.melanophloia,22.63,0,402.1239
3,Eucalyptus.melanophloia,22.8,0,408.407
3,Eucalyptus.melanophloia,23,0,415.4756
3,Eucalyptus.melanophloia,23,1,415.4756
3,Eucalyptus.melanophloia,23,0,415.4756
3,Eucalyptus.melanophloia,23,0,415.4756
3,Eucalyptus.melanophloia,23,0,415.4756
3,Eucalyptus.melanophloia,23.43,1,431.1836
3,Eucalyptus.melanophloia,23.6,0,437.4668
3,Eucalyptus.melanophloia,24,0,452.3893
3,Eucalyptus.melanophloia,24,0,452.3893
3,Eucalyptus.melanophloia,24,0,452.3893
3,Eucalyptus.melanophloia,24,1,452.3893
3,Eucalyptus.melanophloia,24,0,452.3893
3,Eucalyptus.melanophloia,24.7,0,479.0929
3,Eucalyptus.melanophloia,25,1,490.8739
3,Eucalyptus.melanophloia,25,0,490.8739
3,Eucalyptus.melanophloia,25,1,490.8739
3,Eucalyptus.melanophloia,25,0,490.8739
3,Eucalyptus.melanophloia,25,0,490.8739
3,Eucalyptus.melanophloia,25,0,490.8739
3,Eucalyptus.melanophloia,25.5,0,510.5088
3,Eucalyptus.melanophloia,25.55,0,512.865
3,Eucalyptus.melanophloia,26,0,530.9292
3,Eucalyptus.melanophloia,26,1,530.9292
3,Eucalyptus.melanophloia,26,0,530.9292
3,Eucalyptus.melanophloia,26,0,530.9292
3,Eucalyptus.melanophloia,26,1,530.9292
3,Eucalyptus.melanophloia,26,1,530.9292
3,Eucalyptus.melanophloia,26.25,0,541.1393
3,Eucalyptus.melanophloia,27,0,572.5553
3,Eucalyptus.melanophloia,27,0,572.5553
3,Eucalyptus.melanophloia,27,0,572.5553
3,Eucalyptus.melanophloia,27,1,572.5553
3,Eucalyptus.melanophloia,27.17,0,579.6238
3,Eucalyptus.melanophloia,28,1,615.7522
3,Eucalyptus.melanophloia,28,0,615.7522
3,Eucalyptus.melanophloia,28.28,0,628.3185
3,Eucalyptus.melanophloia,29,0,660.5199
3,Eucalyptus.melanophloia,29,1,660.5199
3,Eucalyptus.melanophloia,29,1,660.5199
3,Eucalyptus.melanophloia,29,0,660.5199
3,Eucalyptus.melanophloia,29,0,660.5199
3,Eucalyptus.melanophloia,29,1,660.5199
3,Eucalyptus.melanophloia,29,1,660.5199
3,Eucalyptus.melanophloia,29,0,660.5199
3,Eucalyptus.melanophloia,29,0,660.5199
3,Eucalyptus.melanophloia,29,0,660.5199
3,Eucalyptus.melanophloia,29.53,0,684.8672
3,Eucalyptus.melanophloia,29.7,0,692.7212
3,Eucalyptus.melanophloia,30.89,0,749.2698
3,Eucalyptus.melanophloia,31,0,754.7676
3,Eucalyptus.melanophloia,31.83,0,795.6083
3,Eucalyptus.melanophloia,31.89,0,798.7499
3,Eucalyptus.melanophloia,32,0,804.2477
3,Eucalyptus.melanophloia,33,0,855.2986
3,Eucalyptus.melanophloia,33,0,855.2986
3,Eucalyptus.melanophloia,34,1,907.9203
3,Eucalyptus.melanophloia,34,1,907.9203
3,Eucalyptus.melanophloia,35,0,962.1128
3,Eucalyptus.melanophloia,35,0,962.1128
3,Eucalyptus.melanophloia,36.62,1,1053.2189
3,Eucalyptus.melanophloia,37,0,1075.2101
3,Eucalyptus.melanophloia,37.7,1,1116.0508
3,Eucalyptus.melanophloia,39.36,1,1216.5818
3,Eucalyptus.melanophloia,41,0,1320.2543
3,Eucalyptus.melanophloia,47,0,1734.9445
